*.apple.com,
*.cellphones.com.vn,
*.cps.onl,
*.didongviet.vn,
*.haraworks.vn,
*.powerbi.com,
*.thegioididong.com,
https://accounts.google.com,
https://analytics.google.com,
https://apple.com,
https://calendar.google.com,
https://cellphones.com.vn,
https://cps.onl,
https://didongviet.vn,
https://docs.google.com,
https://drive.google.com,
https://google.com,
https://google.com.vn,
https://google.gg,
https://haraworks.vn,
https://ica.palexy.com,
https://mail.google.com,
https://maps.google.com,
https://maps.google.gg,
https://meet.google.com,
https://myaccount.google.com,
https://photos.google.com,
https://powerbi.com,
https://salework.net,
https://sites.google.com,
https://thegioididong.com,
https://translate.google.com,
https://www.google.com,
https://www.google.com.vn,
https://www.google.gg,
https://www.google-analytics.com,
https://www.googletagmanager.com,
https://zalo.salework.net