*.acer.com,
*.ahamove.com,
*.apple.com,
*.asus.com,
*.be.com.vn,
*.capnuocbenthanh.com,
*.cares.vn,
*.carlcare.com,
*.cellphones.com.vn,
*.cloudflare.com,
*.cloudteam.vn,
*.cps.onl,
*.dell.com,
*.dienmayxanh.com,
*.dienthoaivui.com.vn,
*.digiworld.com.vn,
*.f18-zpc.zdn.vn,
*.garmin.com,
*.grab.com,
*.gsmarena.com,
*.haravan.com,
*.haraworks.vn,
*.hp.com,
*.hstatic.net,
*.huawei.com,
*.icloud.com,
*.ilovepdf.com,
*.imei.info,
*.lalamove.com,
*.lazada.vn,
*.lenovo.com,
*.live.com,
*.masothue.com,
*.mi.com,
*.microsoftonline.com,
*.msi.com,
*.msn.com,
*.ntx.com.vn,
*.oppo.com,
*.powerapps.com,
*.powerbi.com,
*.realme.com,
*.samsung.com,
*.sickw.com,
*.smallpdf.com,
*.sony.com.vn,
*.thegioididong.com,
*.vivo.com,
*.xiaomi.com,
*.xmusicstation.com,
*.youtube.com,
*.zalo.me,
*.192.168.1.***,
*.192.168.1.,
https://accounts.coccoc.com,
https://accounts.google.com,
https://acer.com,
https://ahamove.com,
https://analytics.google.com,
https://apple.com,
https://asus.com,
https://be.com.vn,
https://bing.com,
https://calendar.google.com,
https://capnuocbenthanh.com,
https://cares.vn,
https://carlcare.com,
https://cellphones.com.vn,
https://cloudflare.com,
https://cloudteam.vn,
https://coccoc.com,
https://coccoc.com.vn,
https://cps.onl,
https://dell.com,
https://dienmayxanh.com,
https://dienthoaivui.com.vn,
https://digiworld.com.vn,
https://docs.google.com,
https://drive.google.com,
https://f18-zpc.zdn.vn,
https://forms.gle,
https://fptservices.com.vn,
https://garmin.com,
https://google.com,
https://google.com.vn,
https://grab.com,
https://gsmarena.com,
https://haravan.com,
https://haraworks.vn,
https://hp.com,
https://hstatic.net,
https://huawei.com,
https://icloud.com,
https://id.zalo.me,
https://imei.info,
https://ipsw.me,
https://lalamove.com,
https://lazada.vn,
https://lenovo.com,
https://live.com,
https://mail.google.com,
https://maps.google.com,
https://masothue.com,
https://meet.google.com,
https://mi.com,
https://microsoft.com,
https://msi.com,
https://msn.com,
https://my.zuizui.icu,
https://myaccount.google.com,
https://ntx.com.vn,
https://oppo.com,
https://photos.google.com,
https://powerapps.com,
https://powerbi.com,
https://realme.com,
https://salework.net,
https://samsung.com,
https://sickw.com,
https://signup.microsoft.com,
https://sites.google.com,
https://smallpdf.com,
https://sony.com.vn,
https://thegioididong.com,
https://translate.google.com,
https://unpkg.com,
https://vivo.com,
https://www.bing.com,
https://www.google.com,
https://www.google.com.vn,
https://www.google-analytics.com,
https://www.googletagmanager.com,
https://www.microsoft.com,
https://xiaomi.com,
https://xmusicstation.com,
https://youtube.com,
https://zalo.me,
https://zalo.salework.net