*.ahamove.com,
*.cellphones.com.vn,
*.cps.onl,
*.didongviet.vn,
*.dientutct.vn,
*.giaohangtietkiem.vn,
*.haraworks.vn,
*.mbbank.com.vn,
*.ntlogistics.vn,
*.ntx.com.vn,
*.powerbi.com,
*.smallpdf.com,
*.thegioididong.com,
https://accounts.google.com,
https://ahamove.com,
https://analytics.google.com,
https://audio-joiner.com,
https://calendar.google.com,
https://cellphones.com.vn,
https://convert.io,
https://cps.onl,
https://didongviet.vn,
https://dientutct.vn,
https://docs.google.com,
https://drive.google.com,
https://extract.me,
https://giaohangtietkiem.vn,
https://google.com,
https://google.com.vn,
https://google.gg,
https://haraworks.vn,
https://ica.palexy.com,
https://jtexpress.vn,
https://mail.google.com,
https://maps.google.com,
https://maps.google.gg,
https://mbbank.com.vn,
https://meet.google.com,
https://mp3cut.net,
https://myaccount.google.com,
https://ntlogistics.vn,
https://ntx.com.vn,
https://online-audio-converter.com,
https://online-video-cutter.com,
https://online-voice-recorder.com,
https://pdf.io,
https://photos.google.com,
https://powerbi.com,
https://salework.net,
https://sites.google.com,
https://smallpdf.com,
https://thegioididong.com,
https://translate.google.com,
https://video-converter.com,
https://webcamera.io,
https://www.google.com,
https://www.google.com.vn,
https://www.google.gg,
https://www.google-analytics.com,
https://www.googletagmanager.com,
https://zalo.salework.net