*.ahamove.com,
*.anhngoc.vn,
*.apple.com,
*.asus.com,
*.cellphones.com.vn,
*.cps.onl,
*.dell.com,
*.didongviet.vn,
*.dientutct.vn,
*.digiworld.com.vn,
*.evnhcmc.vn,
*.fedex.com,
*.garmin.com,
*.gdt.gov.vn,
*.giadinhwater.vn,
*.giaohangtietkiem.vn,
*.haravan.com,
*.haraworks.vn,
*.hp.com,
*.huawei.com,
*.infinixmobility.com,
*.ilovepdf.com,
*.lehoangcctv.com,
*.lenovo.com,
*.mbbank.com.vn,
*.mi.com,
*.microsoftonline.com,
*.ntlogistics.vn,
*.ntx.com.vn,
*.oppo.com,
*.petrolimex.com.vn,
*.powerbi.com,
*.realme.com,
*.samsung.com,
*.smallpdf.com,
*.thegioididong.com,
*.vivo.com,
*.vnpt-invoice.com.vn,
*.lazada.vn,
https://accounts.google.com,
https://accounts.coccoc.com,
https://ahamove.com,
https://analytics.google.com,
https://anhngoc.vn,
https://apple.com,
https://asus.com,
https://audio-joiner.com,
https://calendar.google.com,
https://cellphones.com.vn,
https://convert.io,
https://cps.onl,
https://coccoc.com,
https://coccoc.com.vn,
https://dell.com,
https://didongviet.vn,
https://dientutct.vn,
https://dientutct.com,
https://digiworld.com.vn,
https://docs.google.com,
https://drive.google.com,
https://evnhcmc.vn,
https://extract.me,
https://f18-zpc.zdn.vn,
https://forms.gle,
https://fedex.com,
https://fptservices.com.vn,
https://garmin.com,
https://gdt.gov.vn,
https://giadinhwater.vn,
https://giaohangtietkiem.vn,
https://google.com,
https://google.com.vn,
https://google.gg,
https://haravan.com,
https://haraworks.vn,
https://hikvision.vn,
https://hp.com,
https://huawei.com,
https://ica.palexy.com,
https://ilovepdf.com,
https://infinixmobility.com,
https://jtexpress.vn,
https://lehoangcctv.com,
https://lenovo.com,
https://lazada.vn,
https://maps.app.goo.gl,
https://mail.google.com,
https://maps.google.com,
https://maps.google.gg,
https://mbbank.com.vn,
https://meet.google.com,
https://mi.com,
https://mivietnam.vn,
https://mp3cut.net,
https://myaccount.google.com,
https://nhaantoan.com,
https://ntlogistics.vn,
https://ntx.com.vn,
https://online-audio-converter.com,
https://online-video-cutter.com,
https://online-voice-recorder.com,
https://oppo.com,
https://pdf.io,
https://pdfcandy.com,
https://petrolimex.com.vn,
https://photos.google.com,
https://powerbi.com,
https://realme.com,
https://salework.net,
https://samsung.com,
https://sites.google.com,
https://signup.microsoft.com,
https://smallpdf.com,
https://spc.com.vn,
https://t.me,
https://telegram.org,
https://thegioididong.com,
https://translate.google.com,
https://video-converter.com,
https://vivo.com,
https://vnpt-invoice.com.vn,
https://webcamera.io,
https://www.microsoft.com,
https://www.office.com,
https://www.bing.com,
https://www.google.com,
https://www.google.com.vn,
https://www.google.gg,
https://www.google-analytics.com,
https://www.googletagmanager.com,
https://www.tecno-mobile.com,
https://zalo.me,
https://zalo.salework.net